{"cameraMode":{"drawMode":0,"name":"Shaded","section":"Shading Mode"},"sceneLighting":false,"audioPlay":false,"sceneViewState":{"m_AlwaysRefresh":false,"showFog":true,"showSkybox":false,"showFlares":true,"showImageEffects":true,"showParticleSystems":true,"showVisualEffectGraphs":true,"m_FxEnabled":true},"in2DMode":false,"pivot":{"x":-0.31754428148269656,"y":3.0728816986083986,"z":2.6879119873046877},"rotation":{"x":-0.5648186802864075,"y":0.012866243720054627,"z":-0.00881709810346365,"w":-0.8250488042831421},"size":13.504083633422852,"orthographic":false}